Query_ID	Target_ID	Optimal_offset	p-value	E-value	q-value	Overlap	Query_consensus	Target_consensus	Orientation
filter0	M4565_1.02	-8	5.26767e-09	3.86647e-06	5.08671e-06	14	GAGGAATCGGGGATGACTCATCCC	CAGGATGAGTCACC	+
filter0	M4623_1.02	-8	9.56787e-09	7.02282e-06	5.08671e-06	15	GAGGAATCGGGGATGACTCATCCC	AAGGATGAGTCACCG	-
filter0	M4619_1.02	-10	1.04933e-08	7.70209e-06	5.08671e-06	11	GAGGAATCGGGGATGACTCATCCC	GGGTGACTCAT	+
filter0	M4526_1.02	-7	6.3687e-07	0.000467463	0.000132312	15	GAGGAATCGGGGATGACTCATCCC	GGGGGGTGACTCATC	+
filter0	M2292_1.02	-11	8.45487e-07	0.000620588	0.000136619	11	GAGGAATCGGGGATGACTCATCCC	GGTGACTCATC	+
filter0	M2278_1.02	-11	9.7951e-07	0.00071896	0.000142447	11	GAGGAATCGGGGATGACTCATCCC	TGTGACTCATT	+
filter0	M5587_1.02	-12	1.85706e-06	0.00136308	0.000245516	9	GAGGAATCGGGGATGACTCATCCC	ATGAGTCAT	-
filter0	M6228_1.02	-12	4.66834e-05	0.0342656	0.00452603	10	GAGGAATCGGGGATGACTCATCCC	CTGACTCATC	+
filter0	M4681_1.02	-10	0.000326763	0.239844	0.0279531	10	GAGGAATCGGGGATGACTCATCCC	TGCTGAGTCA	+
filter0	M6360_1.02	-10	0.000450445	0.330627	0.0363927	12	GAGGAATCGGGGATGACTCATCCC	TGCTGAGTCATG	-
filter1	M2277_1.02	-8	8.71745e-07	0.000639861	0.00125549	11	GGGATGAGTCATTTCCTGTTTGTG	CCACTTCCTGT	-
filter1	M6226_1.02	-8	2.84478e-06	0.00208807	0.00204853	10	GGGATGAGTCATTTCCTGTTTGTG	TTATTTCCTG	-
filter1	M6222_1.02	-10	7.31022e-06	0.0053657	0.00275293	8	GGGATGAGTCATTTCCTGTTTGTG	ACTTCCTG	-
filter1	M2275_1.02	-9	7.64597e-06	0.00561214	0.00275293	13	GGGATGAGTCATTTCCTGTTTGTG	CACTTCCTGGTTC	-
filter1	M6204_1.02	-6	3.23141e-05	0.0237185	0.00930775	15	GGGATGAGTCATTTCCTGTTTGTG	AGTCACTTCCTGCTA	-
filter1	M0714_1.02	-10	6.54997e-05	0.0480768	0.0157221	10	GGGATGAGTCATTTCCTGTTTGTG	ACTTCCGGTT	-
filter1	M4463_1.02	-3	0.000109773	0.0805732	0.0223557	18	GGGATGAGTCATTTCCTGTTTGTG	CTGACTCATTTCCACATT	-
filter1	M5398_1.02	-9	0.000133323	0.0978589	0.0223557	10	GGGATGAGTCATTTCCTGTTTGTG	CACTTCCGGT	-
filter1	M6207_1.02	-10	0.000139704	0.102543	0.0223557	9	GGGATGAGTCATTTCCTGTTTGTG	ACTTCCGGT	-
filter1	M6119_1.02	-8	0.000193012	0.141671	0.0264863	15	GGGATGAGTCATTTCCTGTTTGTG	CCACTTCCTCTTTTT	-
filter1	M4462_1.02	-9	0.000206357	0.151466	0.0264863	11	GGGATGAGTCATTTCCTGTTTGTG	CACTTCCGGCG	-
filter1	M5425_1.02	-9	0.000237995	0.174688	0.0264863	15	GGGATGAGTCATTTCCTGTTTGTG	CACTTCCGCTTCCGG	-
filter1	M5422_1.02	-9	0.000239079	0.175484	0.0264863	10	GGGATGAGTCATTTCCTGTTTGTG	CACTTCCGGT	-
filter1	M5421_1.02	-9	0.000289931	0.212809	0.0298256	11	GGGATGAGTCATTTCCTGTTTGTG	TATTTCCGGTT	-
filter1	M6221_1.02	-8	0.000342423	0.251338	0.0328772	11	GGGATGAGTCATTTCCTGTTTGTG	CCACTTCCCGC	-
filter1	M6205_1.02	-10	0.000398248	0.292314	0.035156	14	GGGATGAGTCATTTCCTGTTTGTG	ATTTCCTGTTTGCC	-
filter1	M4522_1.02	-8	0.000414978	0.304594	0.035156	10	GGGATGAGTCATTTCCTGTTTGTG	CCACTTCCGG	-
filter1	M2390_1.02	-10	0.000518273	0.380412	0.0414676	8	GGGATGAGTCATTTCCTGTTTGTG	CCTTCCTG	-
filter1	M5420_1.02	-9	0.000640469	0.470104	0.0485476	10	GGGATGAGTCATTTCCTGTTTGTG	TACTTCCGGT	-
filter4	M4565_1.02	-1	2.57707e-09	1.89157e-06	2.13335e-06	14	GGGGGATGACTCATCCCCTAGTCA	CAGGATGAGTCACC	+
filter4	M4623_1.02	-1	2.93594e-09	2.15498e-06	2.13335e-06	15	GGGGGATGACTCATCCCCTAGTCA	AAGGATGAGTCACCG	-
filter4	M4619_1.02	-3	1.58601e-08	1.16413e-05	7.68296e-06	11	GGGGGATGACTCATCCCCTAGTCA	GGGTGACTCAT	+
filter4	M4526_1.02	0	9.2713e-08	6.80513e-05	2.24561e-05	15	GGGGGATGACTCATCCCCTAGTCA	GGGGGGTGACTCATC	+
filter4	M5587_1.02	-5	7.28825e-07	0.000534958	0.000117686	9	GGGGGATGACTCATCCCCTAGTCA	ATGACTCAT	+
filter4	M2292_1.02	-4	1.97503e-06	0.00144967	0.000260931	11	GGGGGATGACTCATCCCCTAGTCA	GGTGACTCATC	+
filter4	M2278_1.02	-4	6.12389e-06	0.00449494	0.000635689	11	GGGGGATGACTCATCCCCTAGTCA	TGTGACTCATT	+
filter4	M6228_1.02	-5	5.70629e-05	0.0418842	0.00552851	10	GGGGGATGACTCATCCCCTAGTCA	CTGACTCATC	+
filter6	M4565_1.02	-10	3.54257e-10	2.60025e-07	5.14474e-07	14	GGGATGACTGGGGGATGAGTCATC	CAGGATGAGTCACC	+
filter6	M4623_1.02	-10	6.983e-09	5.12552e-06	5.07057e-06	14	GGGATGACTGGGGGATGAGTCATC	AAGGATGAGTCACCG	-
filter6	M4619_1.02	-12	1.41083e-08	1.03555e-05	6.82964e-06	11	GGGATGACTGGGGGATGAGTCATC	GGGTGACTCAT	+
filter6	M4526_1.02	-9	7.18547e-08	5.27413e-05	2.60879e-05	15	GGGATGACTGGGGGATGAGTCATC	GGGGGGTGACTCATC	+
filter6	M5587_1.02	-14	1.91174e-07	0.000140321	5.55268e-05	9	GGGATGACTGGGGGATGAGTCATC	ATGAGTCAT	-
filter6	M2292_1.02	-13	5.82832e-07	0.000427799	0.000120918	11	GGGATGACTGGGGGATGAGTCATC	GGTGACTCATC	+
filter6	M2278_1.02	-13	1.08427e-06	0.000795854	0.00017496	11	GGGATGACTGGGGGATGAGTCATC	AATGAGTCACA	-
filter6	M6228_1.02	-14	3.97264e-05	0.0291592	0.00412094	10	GGGATGACTGGGGGATGAGTCATC	CTGACTCATC	+
filter6	M4681_1.02	-15	0.000231882	0.170202	0.0210471	9	GGGATGACTGGGGGATGAGTCATC	TGACTCAGCA	-
filter6	M6360_1.02	-13	0.000483974	0.355237	0.0390476	11	GGGATGACTGGGGGATGAGTCATC	CATGACTCAGCA	+
filter10	M4623_1.02	-1	1.7234e-09	1.26498e-06	2.50629e-06	15	GGGATGACTCATCCCCTTGCCATG	CGGTGACTCATCCTT	+
filter10	M4565_1.02	-2	2.53814e-08	1.863e-05	1.84557e-05	14	GGGATGACTCATCCCCTTGCCATG	GGTGACTCATCCTG	-
filter10	M4619_1.02	-1	5.48932e-08	4.02916e-05	2.66099e-05	11	GGGATGACTCATCCCCTTGCCATG	GGGTGACTCAT	+
filter10	M4526_1.02	-2	1.03627e-07	7.6062e-05	3.76753e-05	15	GGGATGACTCATCCCCTTGCCATG	GATGAGTCACCCCCC	-
filter10	M2292_1.02	-2	1.89378e-06	0.00139004	0.00026079	11	GGGATGACTCATCCCCTTGCCATG	GGTGACTCATC	+
filter10	M5587_1.02	-3	2.12209e-06	0.00155761	0.00026079	9	GGGATGACTCATCCCCTTGCCATG	ATGACTCAT	+
filter10	M2278_1.02	-2	2.15192e-06	0.00157951	0.00026079	11	GGGATGACTCATCCCCTTGCCATG	TGTGACTCATT	+
filter10	M6228_1.02	-3	3.99008e-05	0.0292872	0.00386844	10	GGGATGACTCATCCCCTTGCCATG	CTGACTCATC	+
filter10	M4681_1.02	-1	0.000315658	0.231693	0.0270031	10	GGGATGACTCATCCCCTTGCCATG	TGCTGAGTCA	+
filter12	M4565_1.02	-1	4.55538e-09	3.34365e-06	3.55128e-06	14	GGGGGATGACTCATCCCCTTGTCA	CAGGATGAGTCACC	+
filter12	M4623_1.02	-3	7.32968e-09	5.37998e-06	3.55128e-06	15	GGGGGATGACTCATCCCCTTGTCA	CGGTGACTCATCCTT	+
filter12	M4619_1.02	-3	9.49848e-09	6.97189e-06	3.55128e-06	11	GGGGGATGACTCATCCCCTTGTCA	GGGTGACTCAT	+
filter12	M4526_1.02	0	9.77461e-09	7.17456e-06	3.55128e-06	15	GGGGGATGACTCATCCCCTTGTCA	GGGGGGTGACTCATC	+
filter12	M5587_1.02	-5	1.26904e-06	0.000931476	0.000210514	9	GGGGGATGACTCATCCCCTTGTCA	ATGAGTCAT	-
filter12	M2292_1.02	-4	1.3037e-06	0.000956915	0.000210514	11	GGGGGATGACTCATCCCCTTGTCA	GGTGACTCATC	+
filter12	M2278_1.02	-4	4.80738e-06	0.00352862	0.0005822	11	GGGGGATGACTCATCCCCTTGTCA	TGTGACTCATT	+
filter12	M6228_1.02	-5	4.8382e-05	0.0355124	0.00468747	10	GGGGGATGACTCATCCCCTTGTCA	CTGACTCATC	+
filter12	M4681_1.02	-3	0.000488145	0.358298	0.0417297	10	GGGGGATGACTCATCCCCTTGTCA	TGCTGAGTCA	+

# Tomtom (Motif Comparison Tool): Version 5.0.3 compiled on Jan  3 2019 at 14:13:19
# The format of this file is described at http://meme-suite.org//doc/tomtom-output-format.html.
# tomtom -dist pearson -thresh 0.05 -oc motifs/tomtom motifs/filters_meme.txt Jaspar.meme
